,Date,Ratings,Titles,Reviews,cleaned_Reviews,Reviews_Token,Reviews_Lemm
0,17-Apr-21,VERY NEGATIVE,Tried to order takeaway pizza,pretty empty lots staff tried order takeaway pizza directed qr code sign order would open link stepped inside advised could take order except qr code patheticmore,pretti empti lot staff tri order takeaway pizza direct qr code sign order would open link step insid advis could take order except qr code patheticmor,"['pretty', 'empty', 'lots', 'staff', 'tried', 'order', 'takeaway', 'pizza', 'directed', 'qr', 'code', 'sign', 'order', 'would', 'open', 'link', 'stepped', 'inside', 'advised', 'could', 'take', 'order', 'except', 'qr', 'code', 'patheticmore']","['pretty', 'empty', 'lots', 'staff', 'try', 'order', 'takeaway', 'pizza', 'direct', 'qr', 'code', 'sign', 'order', 'would', 'open', 'link', 'step', 'inside', 'advise', 'could', 'take', 'order', 'except', 'qr', 'code', 'patheticmore']"
1,9-Jan-21,POSITIVE,Nice break for lunch!,stopped lunch visiting tower bridge best branch vapiano disappointed nice food beverage fast service nice decor sittings place busy visit change enjoy food break,stop lunch visit tower bridg best branch vapiano disappoint nice food beverag fast servic nice decor sit place busi visit chang enjoy food break,"['stopped', 'lunch', 'visiting', 'tower', 'bridge', 'best', 'branch', 'vapiano', 'disappointed', 'nice', 'food', 'beverage', 'fast', 'service', 'nice', 'decor', 'sittings', 'place', 'busy', 'visit', 'change', 'enjoy', 'food', 'break']","['stop', 'lunch', 'visit', 'tower', 'bridge', 'best', 'branch', 'vapiano', 'disappointed', 'nice', 'food', 'beverage', 'fast', 'service', 'nice', 'decor', 'sitting', 'place', 'busy', 'visit', 'change', 'enjoy', 'food', 'break']"
2,14-Oct-20,VERY NEGATIVE,Very disappointing,track trace laborius line ordering system made possible helpful victoria know market german owned italian chain aiming certainly well travelled savvy londoners fresh pasta let dreadful bland sauces order arrabiata think tick add extra chilli tastes something order bolognese sauce addition italian hard cheese parmesan expect cheese sauce made dish inedible wines italian service added dreadful uncomfortable stool seating,track trace laboriu line order system made possibl help victoria know market german own italian chain aim certainli well travel savvi london fresh pasta let dread bland sauc order arrabiata think tick add extra chilli tast someth order bolognes sauc addit italian hard chees parmesan expect chees sauc made dish ined wine italian servic ad dread uncomfort stool seat,"['track', 'trace', 'laborius', 'line', 'ordering', 'system', 'made', 'possible', 'helpful', 'victoria', 'know', 'market', 'german', 'owned', 'italian', 'chain', 'aiming', 'certainly', 'well', 'travelled', 'savvy', 'londoners', 'fresh', 'pasta', 'let', 'dreadful', 'bland', 'sauces', 'order', 'arrabiata', 'think', 'tick', 'add', 'extra', 'chilli', 'tastes', 'something', 'order', 'bolognese', 'sauce', 'addition', 'italian', 'hard', 'cheese', 'parmesan', 'expect', 'cheese', 'sauce', 'made', 'dish', 'inedible', 'wines', 'italian', 'service', 'added', 'dreadful', 'uncomfortable', 'stool', 'seating']","['track', 'trace', 'laborius', 'line', 'order', 'system', 'make', 'possible', 'helpful', 'victoria', 'know', 'market', 'german', 'own', 'italian', 'chain', 'aim', 'certainly', 'well', 'travel', 'savvy', 'londoner', 'fresh', 'pasta', 'let', 'dreadful', 'bland', 'sauce', 'order', 'arrabiata', 'think', 'tick', 'add', 'extra', 'chilli', 'taste', 'something', 'order', 'bolognese', 'sauce', 'addition', 'italian', 'hard', 'cheese', 'parmesan', 'expect', 'cheese', 'sauce', 'make', 'dish', 'inedible', 'wine', 'italian', 'service', 'add', 'dreadful', 'uncomfortable', 'stool', 'seating']"
3,10-Oct-20,VERY POSITIVE,Good family night out ,love going vapiano two young children toddler infant huge tables plenty space park buggy lots clean well designed baby high chairs staff mostly young show enthusiasm want help order took particularly long time arrive tonight spoke manager davide apologetic kind personally get orders delivered asap understood frustration young daughter hungry cranky continually checked us meal make sure taken care appreciated efforts despite initial tardiness food delivery internal technical error new guidelines place due covid definitely back,love go vapiano two young children toddler infant huge tabl plenti space park buggi lot clean well design babi high chair staff mostli young show enthusiasm want help order took particularli long time arriv tonight spoke manag david apologet kind person get order deliv asap understood frustrat young daughter hungri cranki continu check us meal make sure taken care appreci effort despit initi tardi food deliveri intern technic error new guidelin place due covid definit back,"['love', 'going', 'vapiano', 'two', 'young', 'children', 'toddler', 'infant', 'huge', 'tables', 'plenty', 'space', 'park', 'buggy', 'lots', 'clean', 'well', 'designed', 'baby', 'high', 'chairs', 'staff', 'mostly', 'young', 'show', 'enthusiasm', 'want', 'help', 'order', 'took', 'particularly', 'long', 'time', 'arrive', 'tonight', 'spoke', 'manager', 'davide', 'apologetic', 'kind', 'personally', 'get', 'orders', 'delivered', 'asap', 'understood', 'frustration', 'young', 'daughter', 'hungry', 'cranky', 'continually', 'checked', 'us', 'meal', 'make', 'sure', 'taken', 'care', 'appreciated', 'efforts', 'despite', 'initial', 'tardiness', 'food', 'delivery', 'internal', 'technical', 'error', 'new', 'guidelines', 'place', 'due', 'covid', 'definitely', 'back']","['love', 'go', 'vapiano', 'two', 'young', 'child', 'toddler', 'infant', 'huge', 'table', 'plenty', 'space', 'park', 'buggy', 'lot', 'clean', 'well', 'design', 'baby', 'high', 'chair', 'staff', 'mostly', 'young', 'show', 'enthusiasm', 'want', 'help', 'order', 'take', 'particularly', 'long', 'time', 'arrive', 'tonight', 'spoke', 'manager', 'davide', 'apologetic', 'kind', 'personally', 'get', 'order', 'deliver', 'asap', 'understood', 'frustration', 'young', 'daughter', 'hungry', 'cranky', 'continually', 'check', 'us', 'meal', 'make', 'sure', 'take', 'care', 'appreciate', 'effort', 'despite', 'initial', 'tardiness', 'food', 'delivery', 'internal', 'technical', 'error', 'new', 'guideline', 'place', 'due', 'covid', 'definitely', 'back']"
4,5-Oct-20,NEUTRAL,"brilliant carbonara, awful service",visited couple times best carbonara ever tasted prices extremely reasonable food cooked front see freshly cooked adapt food made portions enough aswell however restaurant completely ruined service system going waiting food cooked work group eating different times extremely confusing explained properly staff extremely inattentive unhelpful walked greeted woman asked walked without telling us sit even saying could choose table explained different counters left work real let food good,visit coupl time best carbonara ever tast price extrem reason food cook front see freshli cook adapt food made portion enough aswel howev restaur complet ruin servic system go wait food cook work group eat differ time extrem confus explain properli staff extrem inattent unhelp walk greet woman ask walk without tell us sit even say could choos tabl explain differ counter left work real let food good,"['visited', 'couple', 'times', 'best', 'carbonara', 'ever', 'tasted', 'prices', 'extremely', 'reasonable', 'food', 'cooked', 'front', 'see', 'freshly', 'cooked', 'adapt', 'food', 'made', 'portions', 'enough', 'aswell', 'however', 'restaurant', 'completely', 'ruined', 'service', 'system', 'going', 'waiting', 'food', 'cooked', 'work', 'group', 'eating', 'different', 'times', 'extremely', 'confusing', 'explained', 'properly', 'staff', 'extremely', 'inattentive', 'unhelpful', 'walked', 'greeted', 'woman', 'asked', 'walked', 'without', 'telling', 'us', 'sit', 'even', 'saying', 'could', 'choose', 'table', 'explained', 'different', 'counters', 'left', 'work', 'real', 'let', 'food', 'good']","['visited', 'couple', 'time', 'best', 'carbonara', 'ever', 'taste', 'price', 'extremely', 'reasonable', 'food', 'cook', 'front', 'see', 'freshly', 'cook', 'adapt', 'food', 'make', 'portion', 'enough', 'aswell', 'however', 'restaurant', 'completely', 'ruin', 'service', 'system', 'go', 'wait', 'food', 'cook', 'work', 'group', 'eat', 'different', 'time', 'extremely', 'confuse', 'explain', 'properly', 'staff', 'extremely', 'inattentive', 'unhelpful', 'walk', 'greeted', 'woman', 'ask', 'walk', 'without', 'tell', 'us', 'sit', 'even', 'say', 'could', 'choose', 'table', 'explain', 'different', 'counter', 'leave', 'work', 'real', 'let', 'food', 'good']"
5,28-Sep-20,NEGATIVE,Delicious food but no attention to detail,restaurant really well located crema di funghi pasta delicious mom pasta king prawns save king prawns pleased worth slightly high price however bother sending chef notes order sister breastfeeding newborn onions pepper spicy food added note order completely ignored ask add chilli pasta added anyway along onions pepper ordered insalata caprese starter simple small portion salad based price expecting something sophisticated ordered sprite sent sprite zero told one sprite sprite zero see nonetheless sell sprite goes per small bottle way pasta dish worth price mom tasty food sister tried eat leave unfortunately give baby colic medication twice night restaurant great potential really good food nice location failing details,restaur realli well locat crema di funghi pasta delici mom pasta king prawn save king prawn pleas worth slightli high price howev bother send chef note order sister breastfeed newborn onion pepper spici food ad note order complet ignor ask add chilli pasta ad anyway along onion pepper order insalata capres starter simpl small portion salad base price expect someth sophist order sprite sent sprite zero told one sprite sprite zero see nonetheless sell sprite goe per small bottl way pasta dish worth price mom tasti food sister tri eat leav unfortun give babi colic medic twice night restaur great potenti realli good food nice locat fail detail,"['restaurant', 'really', 'well', 'located', 'crema', 'di', 'funghi', 'pasta', 'delicious', 'mom', 'pasta', 'king', 'prawns', 'save', 'king', 'prawns', 'pleased', 'worth', 'slightly', 'high', 'price', 'however', 'bother', 'sending', 'chef', 'notes', 'order', 'sister', 'breastfeeding', 'newborn', 'onions', 'pepper', 'spicy', 'food', 'added', 'note', 'order', 'completely', 'ignored', 'ask', 'add', 'chilli', 'pasta', 'added', 'anyway', 'along', 'onions', 'pepper', 'ordered', 'insalata', 'caprese', 'starter', 'simple', 'small', 'portion', 'salad', 'based', 'price', 'expecting', 'something', 'sophisticated', 'ordered', 'sprite', 'sent', 'sprite', 'zero', 'told', 'one', 'sprite', 'sprite', 'zero', 'see', 'nonetheless', 'sell', 'sprite', 'goes', 'per', 'small', 'bottle', 'way', 'pasta', 'dish', 'worth', 'price', 'mom', 'tasty', 'food', 'sister', 'tried', 'eat', 'leave', 'unfortunately', 'give', 'baby', 'colic', 'medication', 'twice', 'night', 'restaurant', 'great', 'potential', 'really', 'good', 'food', 'nice', 'location', 'failing', 'details']","['restaurant', 'really', 'well', 'locate', 'crema', 'di', 'funghi', 'pasta', 'delicious', 'mom', 'pasta', 'king', 'prawn', 'save', 'king', 'prawn', 'please', 'worth', 'slightly', 'high', 'price', 'however', 'bother', 'send', 'chef', 'note', 'order', 'sister', 'breastfeed', 'newborn', 'onion', 'pepper', 'spicy', 'food', 'add', 'note', 'order', 'completely', 'ignore', 'ask', 'add', 'chilli', 'pasta', 'add', 'anyway', 'along', 'onion', 'pepper', 'order', 'insalata', 'caprese', 'starter', 'simple', 'small', 'portion', 'salad', 'base', 'price', 'expect', 'something', 'sophisticated', 'order', 'sprite', 'sent', 'sprite', 'zero', 'tell', 'one', 'sprite', 'sprite', 'zero', 'see', 'nonetheless', 'sell', 'sprite', 'go', 'per', 'small', 'bottle', 'way', 'pasta', 'dish', 'worth', 'price', 'mom', 'tasty', 'food', 'sister', 'try', 'eat', 'leave', 'unfortunately', 'give', 'baby', 'colic', 'medication', 'twice', 'night', 'restaurant', 'great', 'potential', 'really', 'good', 'food', 'nice', 'location', 'fail', 'detail']"
6,27-Sep-20,VERY NEGATIVE,Welp,welp service bad false advertisement drinks e g advertise canned drink gave ml glass bottle paid caprisun sized drink got orders wrong times woooow also asked take away box brought bag currently balancing food head,welp servic bad fals advertis drink e g advertis can drink gave ml glass bottl paid caprisun size drink got order wrong time woooow also ask take away box brought bag current balanc food head,"['welp', 'service', 'bad', 'false', 'advertisement', 'drinks', 'e', 'g', 'advertise', 'canned', 'drink', 'gave', 'ml', 'glass', 'bottle', 'paid', 'caprisun', 'sized', 'drink', 'got', 'orders', 'wrong', 'times', 'woooow', 'also', 'asked', 'take', 'away', 'box', 'brought', 'bag', 'currently', 'balancing', 'food', 'head']","['welp', 'service', 'bad', 'false', 'advertisement', 'drink', 'e', 'g', 'advertise', 'can', 'drink', 'give', 'ml', 'glass', 'bottle', 'pay', 'caprisun', 'size', 'drink', 'get', 'order', 'wrong', 'time', 'woooow', 'also', 'ask', 'take', 'away', 'box', 'bring', 'bag', 'currently', 'balance', 'food', 'head']"
7,16-Sep-20,VERY POSITIVE,Lovely staff members!,staff lovely one staff working exit door helpful came explaining system worked thank alejandra keep good job,staff love one staff work exit door help came explain system work thank alejandra keep good job,"['staff', 'lovely', 'one', 'staff', 'working', 'exit', 'door', 'helpful', 'came', 'explaining', 'system', 'worked', 'thank', 'alejandra', 'keep', 'good', 'job']","['staff', 'lovely', 'one', 'staff', 'work', 'exit', 'door', 'helpful', 'come', 'explain', 'system', 'work', 'thank', 'alejandra', 'keep', 'good', 'job']"
8,16-Sep-20,VERY POSITIVE,Miss,hello went restaurant food delicious really speak english victoria maria helped everything needed lovely,hello went restaur food delici realli speak english victoria maria help everyth need love,"['hello', 'went', 'restaurant', 'food', 'delicious', 'really', 'speak', 'english', 'victoria', 'maria', 'helped', 'everything', 'needed', 'lovely']","['hello', 'go', 'restaurant', 'food', 'delicious', 'really', 'speak', 'english', 'victoria', 'maria', 'help', 'everything', 'need', 'lovely']"
9,23-Aug-20,NEGATIVE,A good host is needed and check backs should be done.,understand covid made everyone life difficult would reopen site plan keeps everyone safe still provides good customer service upon arrival big que started outside social distancing applied even inside permises greeting explanation everything works given unable sit table deciding eat left stand long que next bar kill time decided order drinks apparently vapiano card able order one provided us hand got station order food looked great pasta fresh everything cooked infront makes experience nice food ready sat table cutlery nowhere seen get ask cutlery kept bar food good price reasonable customer service side experience really put make fully enjoy food beautiful location would love come back hope feedback company improve organisation managers present assure customers leave happily,understand covid made everyon life difficult would reopen site plan keep everyon safe still provid good custom servic upon arriv big que start outsid social distanc appli even insid permis greet explan everyth work given unabl sit tabl decid eat left stand long que next bar kill time decid order drink appar vapiano card abl order one provid us hand got station order food look great pasta fresh everyth cook infront make experi nice food readi sat tabl cutleri nowher seen get ask cutleri kept bar food good price reason custom servic side experi realli put make fulli enjoy food beauti locat would love come back hope feedback compani improv organis manag present assur custom leav happili,"['understand', 'covid', 'made', 'everyone', 'life', 'difficult', 'would', 'reopen', 'site', 'plan', 'keeps', 'everyone', 'safe', 'still', 'provides', 'good', 'customer', 'service', 'upon', 'arrival', 'big', 'que', 'started', 'outside', 'social', 'distancing', 'applied', 'even', 'inside', 'permises', 'greeting', 'explanation', 'everything', 'works', 'given', 'unable', 'sit', 'table', 'deciding', 'eat', 'left', 'stand', 'long', 'que', 'next', 'bar', 'kill', 'time', 'decided', 'order', 'drinks', 'apparently', 'vapiano', 'card', 'able', 'order', 'one', 'provided', 'us', 'hand', 'got', 'station', 'order', 'food', 'looked', 'great', 'pasta', 'fresh', 'everything', 'cooked', 'infront', 'makes', 'experience', 'nice', 'food', 'ready', 'sat', 'table', 'cutlery', 'nowhere', 'seen', 'get', 'ask', 'cutlery', 'kept', 'bar', 'food', 'good', 'price', 'reasonable', 'customer', 'service', 'side', 'experience', 'really', 'put', 'make', 'fully', 'enjoy', 'food', 'beautiful', 'location', 'would', 'love', 'come', 'back', 'hope', 'feedback', 'company', 'improve', 'organisation', 'managers', 'present', 'assure', 'customers', 'leave', 'happily']","['understand', 'covid', 'make', 'everyone', 'life', 'difficult', 'would', 'reopen', 'site', 'plan', 'keep', 'everyone', 'safe', 'still', 'provide', 'good', 'customer', 'service', 'upon', 'arrival', 'big', 'que', 'start', 'outside', 'social', 'distancing', 'apply', 'even', 'inside', 'permises', 'greet', 'explanation', 'everything', 'work', 'give', 'unable', 'sit', 'table', 'decide', 'eat', 'leave', 'stand', 'long', 'que', 'next', 'bar', 'kill', 'time', 'decide', 'order', 'drink', 'apparently', 'vapiano', 'card', 'able', 'order', 'one', 'provide', 'us', 'hand', 'get', 'station', 'order', 'food', 'look', 'great', 'pasta', 'fresh', 'everything', 'cook', 'infront', 'make', 'experience', 'nice', 'food', 'ready', 'sit', 'table', 'cutlery', 'nowhere', 'see', 'get', 'ask', 'cutlery', 'keep', 'bar', 'food', 'good', 'price', 'reasonable', 'customer', 'service', 'side', 'experience', 'really', 'put', 'make', 'fully', 'enjoy', 'food', 'beautiful', 'location', 'would', 'love', 'come', 'back', 'hope', 'feedback', 'company', 'improve', 'organisation', 'manager', 'present', 'assure', 'customer', 'leave', 'happily']"
10,6-May-20,VERY POSITIVE,The best fresh made pasta ❤❤,family enjoy first time vapiano love fresh made pasta delicious first time visit love everything perfect,famili enjoy first time vapiano love fresh made pasta delici first time visit love everyth perfect,"['family', 'enjoy', 'first', 'time', 'vapiano', 'love', 'fresh', 'made', 'pasta', 'delicious', 'first', 'time', 'visit', 'love', 'everything', 'perfect']","['family', 'enjoy', 'first', 'time', 'vapiano', 'love', 'fresh', 'make', 'pasta', 'delicious', 'first', 'time', 'visit', 'love', 'everything', 'perfect']"
11,10-Mar-20,VERY POSITIVE,Excellent freshly cooked dishes,recommended vapianos friends disappointed visited lunch time although bit busy attention care given dish cooked fresh ingredients cooked front,recommend vapiano friend disappoint visit lunch time although bit busi attent care given dish cook fresh ingredi cook front,"['recommended', 'vapianos', 'friends', 'disappointed', 'visited', 'lunch', 'time', 'although', 'bit', 'busy', 'attention', 'care', 'given', 'dish', 'cooked', 'fresh', 'ingredients', 'cooked', 'front']","['recommend', 'vapianos', 'friend', 'disappoint', 'visited', 'lunch', 'time', 'although', 'bit', 'busy', 'attention', 'care', 'give', 'dish', 'cook', 'fresh', 'ingredient', 'cook', 'front']"
12,3-Mar-20,POSITIVE,Nice fast pasta dinner,first visit vapiano enjoyed food cooked freshly front tasted great downside queue food depending time visit var pricing reasonable,first visit vapiano enjoy food cook freshli front tast great downsid queue food depend time visit var price reason,"['first', 'visit', 'vapiano', 'enjoyed', 'food', 'cooked', 'freshly', 'front', 'tasted', 'great', 'downside', 'queue', 'food', 'depending', 'time', 'visit', 'var', 'pricing', 'reasonable']","['first', 'visit', 'vapiano', 'enjoy', 'food', 'cook', 'freshly', 'front', 'tasted', 'great', 'downside', 'queue', 'food', 'depend', 'time', 'visit', 'var', 'pricing', 'reasonable']"
13,20-Feb-20,POSITIVE,"Quick, fresh, tasty Pasta",first time vapiano went work team lunch colleagues explained ordering system given card order food need go relevant station pizza pasta salad,first time vapiano went work team lunch colleagu explain order system given card order food need go relev station pizza pasta salad,"['first', 'time', 'vapiano', 'went', 'work', 'team', 'lunch', 'colleagues', 'explained', 'ordering', 'system', 'given', 'card', 'order', 'food', 'need', 'go', 'relevant', 'station', 'pizza', 'pasta', 'salad']","['first', 'time', 'vapiano', 'go', 'work', 'team', 'lunch', 'colleague', 'explain', 'order', 'system', 'give', 'card', 'order', 'food', 'need', 'go', 'relevant', 'station', 'pizza', 'pasta', 'salad']"
14,18-Feb-20,VERY POSITIVE,We love it,usual restaurant usual fast food joint overcome system think appreciate way works food eaten various pastas fresh well cooked front eyes also build,usual restaur usual fast food joint overcom system think appreci way work food eaten variou pasta fresh well cook front eye also build,"['usual', 'restaurant', 'usual', 'fast', 'food', 'joint', 'overcome', 'system', 'think', 'appreciate', 'way', 'works', 'food', 'eaten', 'various', 'pastas', 'fresh', 'well', 'cooked', 'front', 'eyes', 'also', 'build']","['usual', 'restaurant', 'usual', 'fast', 'food', 'joint', 'overcome', 'system', 'think', 'appreciate', 'way', 'work', 'food', 'eaten', 'various', 'pasta', 'fresh', 'well', 'cook', 'front', 'eye', 'also', 'build']"
15,16-Feb-20,POSITIVE,Good food but poor execution,good meal food tasty portions good price ordering process unorganized inefficient seems like want eliminate wait staff maybe tablets order table go pick,good meal food tasti portion good price order process unorgan ineffici seem like want elimin wait staff mayb tablet order tabl go pick,"['good', 'meal', 'food', 'tasty', 'portions', 'good', 'price', 'ordering', 'process', 'unorganized', 'inefficient', 'seems', 'like', 'want', 'eliminate', 'wait', 'staff', 'maybe', 'tablets', 'order', 'table', 'go', 'pick']","['good', 'meal', 'food', 'tasty', 'portion', 'good', 'price', 'order', 'process', 'unorganized', 'inefficient', 'seem', 'like', 'want', 'eliminate', 'wait', 'staff', 'maybe', 'tablet', 'order', 'table', 'go', 'pick']"
16,13-Feb-20,VERY NEGATIVE,Mrs Lynda,one staff extremely unprofessional disable cousin enough money pay bill p student asked leave passport made big deal,one staff extrem unprofession disabl cousin enough money pay bill p student ask leav passport made big deal,"['one', 'staff', 'extremely', 'unprofessional', 'disable', 'cousin', 'enough', 'money', 'pay', 'bill', 'p', 'student', 'asked', 'leave', 'passport', 'made', 'big', 'deal']","['one', 'staff', 'extremely', 'unprofessional', 'disable', 'cousin', 'enough', 'money', 'pay', 'bill', 'p', 'student', 'ask', 'leave', 'passport', 'make', 'big', 'deal']"
17,11-Feb-20,POSITIVE,Fantastic food and ambience,mostly self service restaurant ambiance nice cosy unlike self service type establishments food good fresh delicious sense satisfaction eating know everything cooked fresh right,mostli self servic restaur ambianc nice cosi unlik self servic type establish food good fresh delici sens satisfact eat know everyth cook fresh right,"['mostly', 'self', 'service', 'restaurant', 'ambiance', 'nice', 'cosy', 'unlike', 'self', 'service', 'type', 'establishments', 'food', 'good', 'fresh', 'delicious', 'sense', 'satisfaction', 'eating', 'know', 'everything', 'cooked', 'fresh', 'right']","['mostly', 'self', 'service', 'restaurant', 'ambiance', 'nice', 'cosy', 'unlike', 'self', 'service', 'type', 'establishment', 'food', 'good', 'fresh', 'delicious', 'sense', 'satisfaction', 'eat', 'know', 'everything', 'cook', 'fresh', 'right']"
18,2-Feb-20,NEUTRAL,"Nice food, terrible concept",thought menu good variety sensible prices food good go good station order food want pasta garlic bread different queues queues long slow,thought menu good varieti sensibl price food good go good station order food want pasta garlic bread differ queue queue long slow,"['thought', 'menu', 'good', 'variety', 'sensible', 'prices', 'food', 'good', 'go', 'good', 'station', 'order', 'food', 'want', 'pasta', 'garlic', 'bread', 'different', 'queues', 'queues', 'long', 'slow']","['think', 'menu', 'good', 'variety', 'sensible', 'price', 'food', 'good', 'go', 'good', 'station', 'order', 'food', 'want', 'pasta', 'garlic', 'bread', 'different', 'queue', 'queue', 'long', 'slow']"
19,26-Jan-20,POSITIVE,A fantastic branch of Vapiano.,wonderful lunch despite queues taking minutes food excellent place cool vibe herbs galore,wonder lunch despit queue take minut food excel place cool vibe herb galor,"['wonderful', 'lunch', 'despite', 'queues', 'taking', 'minutes', 'food', 'excellent', 'place', 'cool', 'vibe', 'herbs', 'galore']","['wonderful', 'lunch', 'despite', 'queue', 'take', 'minute', 'food', 'excellent', 'place', 'cool', 'vibe', 'herb', 'galore']"
20,26-Jan-20,POSITIVE,Excellent fresh pasta,want fresh pasta sauce made scratch preference spelt pasta mushroom sauce tasted divine pasta thing reducing carbs good,want fresh pasta sauc made scratch prefer spelt pasta mushroom sauc tast divin pasta thing reduc carb good,"['want', 'fresh', 'pasta', 'sauce', 'made', 'scratch', 'preference', 'spelt', 'pasta', 'mushroom', 'sauce', 'tasted', 'divine', 'pasta', 'thing', 'reducing', 'carbs', 'good']","['want', 'fresh', 'pasta', 'sauce', 'make', 'scratch', 'preference', 'spell', 'pasta', 'mushroom', 'sauce', 'taste', 'divine', 'pasta', 'thing', 'reduce', 'carbs', 'good']"
21,9-Jan-20,NEUTRAL,Does what you need it to,want something easy nice atmoshpere isnt break bank expensive hits spot fast food chain pasta pizza sounding odd axtually works want fancy nice spend time dinner resteraunt,want someth easi nice atmoshper isnt break bank expens hit spot fast food chain pasta pizza sound odd axtual work want fanci nice spend time dinner resteraunt,"['want', 'something', 'easy', 'nice', 'atmoshpere', 'isnt', 'break', 'bank', 'expensive', 'hits', 'spot', 'fast', 'food', 'chain', 'pasta', 'pizza', 'sounding', 'odd', 'axtually', 'works', 'want', 'fancy', 'nice', 'spend', 'time', 'dinner', 'resteraunt']","['want', 'something', 'easy', 'nice', 'atmoshpere', 'isnt', 'break', 'bank', 'expensive', 'hit', 'spot', 'fast', 'food', 'chain', 'pasta', 'pizza', 'sound', 'odd', 'axtually', 'work', 'want', 'fancy', 'nice', 'spend', 'time', 'dinner', 'resteraunt']"
22,5-Jan-20,VERY POSITIVE,Lovely place to eat,lovely place eat quick service good price two one cocktails went made really cheap,love place eat quick servic good price two one cocktail went made realli cheap,"['lovely', 'place', 'eat', 'quick', 'service', 'good', 'price', 'two', 'one', 'cocktails', 'went', 'made', 'really', 'cheap']","['lovely', 'place', 'eat', 'quick', 'service', 'good', 'price', 'two', 'one', 'cocktail', 'go', 'make', 'really', 'cheap']"
23,29-Dec-19,VERY POSITIVE,Needed food,really lovely experience staff helpful friendly made welcome food cooked front us chef great italian food favourite certainly lived expectations really,realli love experi staff help friendli made welcom food cook front us chef great italian food favourit certainli live expect realli,"['really', 'lovely', 'experience', 'staff', 'helpful', 'friendly', 'made', 'welcome', 'food', 'cooked', 'front', 'us', 'chef', 'great', 'italian', 'food', 'favourite', 'certainly', 'lived', 'expectations', 'really']","['really', 'lovely', 'experience', 'staff', 'helpful', 'friendly', 'make', 'welcome', 'food', 'cook', 'front', 'us', 'chef', 'great', 'italian', 'food', 'favourite', 'certainly', 'live', 'expectation', 'really']"
24,26-Dec-19,POSITIVE,Nice food and service,nice fresh food pizza really tasty service warm helpful felt well cared host guy pizza chef thanks hand serving system quite messy place busy,nice fresh food pizza realli tasti servic warm help felt well care host guy pizza chef thank hand serv system quit messi place busi,"['nice', 'fresh', 'food', 'pizza', 'really', 'tasty', 'service', 'warm', 'helpful', 'felt', 'well', 'cared', 'host', 'guy', 'pizza', 'chef', 'thanks', 'hand', 'serving', 'system', 'quite', 'messy', 'place', 'busy']","['nice', 'fresh', 'food', 'pizza', 'really', 'tasty', 'service', 'warm', 'helpful', 'felt', 'well', 'care', 'host', 'guy', 'pizza', 'chef', 'thanks', 'hand', 'serve', 'system', 'quite', 'messy', 'place', 'busy']"
25,21-Dec-19,VERY NEGATIVE,Dreadful and a shambolic ordering system.,probably one worst experiences ever restaurant went couple days visit ask could reserve table staff member said reserve table person would,probabl one worst experi ever restaur went coupl day visit ask could reserv tabl staff member said reserv tabl person would,"['probably', 'one', 'worst', 'experiences', 'ever', 'restaurant', 'went', 'couple', 'days', 'visit', 'ask', 'could', 'reserve', 'table', 'staff', 'member', 'said', 'reserve', 'table', 'person', 'would']","['probably', 'one', 'bad', 'experience', 'ever', 'restaurant', 'go', 'couple', 'day', 'visit', 'ask', 'could', 'reserve', 'table', 'staff', 'member', 'say', 'reserve', 'table', 'person', 'would']"
26,4-Dec-19,VERY POSITIVE,Great views of Tower Bridge...,excellent lunch great staff fantastic views tower bridge city upstairs seating area,excel lunch great staff fantast view tower bridg citi upstair seat area,"['excellent', 'lunch', 'great', 'staff', 'fantastic', 'views', 'tower', 'bridge', 'city', 'upstairs', 'seating', 'area']","['excellent', 'lunch', 'great', 'staff', 'fantastic', 'view', 'tower', 'bridge', 'city', 'upstairs', 'seat', 'area']"
27,24-Nov-19,NEGATIVE,Unhelpful staff but great food,food great left valuable item restaurant called restaurant check still asked sat told call back minutes said find,food great left valuabl item restaur call restaur check still ask sat told call back minut said find,"['food', 'great', 'left', 'valuable', 'item', 'restaurant', 'called', 'restaurant', 'check', 'still', 'asked', 'sat', 'told', 'call', 'back', 'minutes', 'said', 'find']","['food', 'great', 'leave', 'valuable', 'item', 'restaurant', 'call', 'restaurant', 'check', 'still', 'ask', 'sat', 'tell', 'call', 'back', 'minute', 'say', 'find']"
28,22-Nov-19,VERY NEGATIVE,Terrible Experience,friend visited london bridge vapianos last week around pm understandingly could viewed peak time however wait served pasta beyond satisfying queued first pasta station time appeared,friend visit london bridg vapiano last week around pm understandingli could view peak time howev wait serv pasta beyond satisfi queu first pasta station time appear,"['friend', 'visited', 'london', 'bridge', 'vapianos', 'last', 'week', 'around', 'pm', 'understandingly', 'could', 'viewed', 'peak', 'time', 'however', 'wait', 'served', 'pasta', 'beyond', 'satisfying', 'queued', 'first', 'pasta', 'station', 'time', 'appeared']","['friend', 'visit', 'london', 'bridge', 'vapianos', 'last', 'week', 'around', 'pm', 'understandingly', 'could', 'view', 'peak', 'time', 'however', 'wait', 'serve', 'pasta', 'beyond', 'satisfy', 'queue', 'first', 'pasta', 'station', 'time', 'appear']"
29,18-Nov-19,VERY POSITIVE,Great food and service overall,strongly recommend vipiano tower bridge restaurant place right water front along walkway london bridge pasta pizza good decent price deserts good different moose flavors including tiramisu,strongli recommend vipiano tower bridg restaur place right water front along walkway london bridg pasta pizza good decent price desert good differ moos flavor includ tiramisu,"['strongly', 'recommend', 'vipiano', 'tower', 'bridge', 'restaurant', 'place', 'right', 'water', 'front', 'along', 'walkway', 'london', 'bridge', 'pasta', 'pizza', 'good', 'decent', 'price', 'deserts', 'good', 'different', 'moose', 'flavors', 'including', 'tiramisu']","['strongly', 'recommend', 'vipiano', 'tower', 'bridge', 'restaurant', 'place', 'right', 'water', 'front', 'along', 'walkway', 'london', 'bridge', 'pasta', 'pizza', 'good', 'decent', 'price', 'desert', 'good', 'different', 'moose', 'flavor', 'include', 'tiramisu']"
30,15-Nov-19,VERY POSITIVE,Amazing Views!!!,vapiano one faves london italian food love take live cooking normally go portland street one last night friend decided try tower bridge branch boy oh boy,vapiano one fave london italian food love take live cook normal go portland street one last night friend decid tri tower bridg branch boy oh boy,"['vapiano', 'one', 'faves', 'london', 'italian', 'food', 'love', 'take', 'live', 'cooking', 'normally', 'go', 'portland', 'street', 'one', 'last', 'night', 'friend', 'decided', 'try', 'tower', 'bridge', 'branch', 'boy', 'oh', 'boy']","['vapiano', 'one', 'faves', 'london', 'italian', 'food', 'love', 'take', 'live', 'cooking', 'normally', 'go', 'portland', 'street', 'one', 'last', 'night', 'friend', 'decide', 'try', 'tower', 'bridge', 'branch', 'boy', 'oh', 'boy']"
31,11-Nov-19,VERY POSITIVE,Delicious Pasta!,walk provide card chef bartenders add total pay end seat look menu head lines chefs make,walk provid card chef bartend add total pay end seat look menu head line chef make,"['walk', 'provide', 'card', 'chef', 'bartenders', 'add', 'total', 'pay', 'end', 'seat', 'look', 'menu', 'head', 'lines', 'chefs', 'make']","['walk', 'provide', 'card', 'chef', 'bartender', 'add', 'total', 'pay', 'end', 'seat', 'look', 'menu', 'head', 'line', 'chef', 'make']"
32,5-Nov-19,VERY POSITIVE,Excellet atmosphere,excellent atmosphere professional fun staff excellent service course food love recommend age group class,excel atmospher profession fun staff excel servic cours food love recommend age group class,"['excellent', 'atmosphere', 'professional', 'fun', 'staff', 'excellent', 'service', 'course', 'food', 'love', 'recommend', 'age', 'group', 'class']","['excellent', 'atmosphere', 'professional', 'fun', 'staff', 'excellent', 'service', 'course', 'food', 'love', 'recommend', 'age', 'group', 'class']"
33,3-Nov-19,NEUTRAL,Pasta on demand ,first time pasta extremely spicy ended giving boyfriend finish please make sure keep eye chef pouring chilli pasta valentino manager shift,first time pasta extrem spici end give boyfriend finish pleas make sure keep eye chef pour chilli pasta valentino manag shift,"['first', 'time', 'pasta', 'extremely', 'spicy', 'ended', 'giving', 'boyfriend', 'finish', 'please', 'make', 'sure', 'keep', 'eye', 'chef', 'pouring', 'chilli', 'pasta', 'valentino', 'manager', 'shift']","['first', 'time', 'pasta', 'extremely', 'spicy', 'end', 'give', 'boyfriend', 'finish', 'please', 'make', 'sure', 'keep', 'eye', 'chef', 'pour', 'chilli', 'pasta', 'valentino', 'manager', 'shift']"
34,15-Oct-19,NEUTRAL,Takeaway,okay ordered takeaway deliveroo arrived time although soonest hrs order steak pasta arrived bit cold almost flavour really greasy steak spinach mushroom garlic packed full,okay order takeaway deliveroo arriv time although soonest hr order steak pasta arriv bit cold almost flavour realli greasi steak spinach mushroom garlic pack full,"['okay', 'ordered', 'takeaway', 'deliveroo', 'arrived', 'time', 'although', 'soonest', 'hrs', 'order', 'steak', 'pasta', 'arrived', 'bit', 'cold', 'almost', 'flavour', 'really', 'greasy', 'steak', 'spinach', 'mushroom', 'garlic', 'packed', 'full']","['okay', 'order', 'takeaway', 'deliveroo', 'arrived', 'time', 'although', 'soonest', 'hr', 'order', 'steak', 'pasta', 'arrive', 'bit', 'cold', 'almost', 'flavour', 'really', 'greasy', 'steak', 'spinach', 'mushroom', 'garlic', 'pack', 'full']"
35,13-Oct-19,NEUTRAL,"Good Food, Terrible Hygiene",tables chairs messy food everywhere wiped properly menus also covered food employee actually walked restaurant clear bin bag full rubbish food scraps disgusting see toilets also horrible,tabl chair messi food everywher wipe properli menu also cover food employe actual walk restaur clear bin bag full rubbish food scrap disgust see toilet also horribl,"['tables', 'chairs', 'messy', 'food', 'everywhere', 'wiped', 'properly', 'menus', 'also', 'covered', 'food', 'employee', 'actually', 'walked', 'restaurant', 'clear', 'bin', 'bag', 'full', 'rubbish', 'food', 'scraps', 'disgusting', 'see', 'toilets', 'also', 'horrible']","['table', 'chair', 'messy', 'food', 'everywhere', 'wipe', 'properly', 'menu', 'also', 'cover', 'food', 'employee', 'actually', 'walk', 'restaurant', 'clear', 'bin', 'bag', 'full', 'rubbish', 'food', 'scrap', 'disgust', 'see', 'toilet', 'also', 'horrible']"
36,7-Oct-19,VERY POSITIVE,Great Fresh food,one hottest days year like oven food hot hot hot moretti beer bruschetta pizza freshest pasta around could fault second visit vapiano great,one hottest day year like oven food hot hot hot moretti beer bruschetta pizza freshest pasta around could fault second visit vapiano great,"['one', 'hottest', 'days', 'year', 'like', 'oven', 'food', 'hot', 'hot', 'hot', 'moretti', 'beer', 'bruschetta', 'pizza', 'freshest', 'pasta', 'around', 'could', 'fault', 'second', 'visit', 'vapiano', 'great']","['one', 'hot', 'day', 'year', 'like', 'oven', 'food', 'hot', 'hot', 'hot', 'moretti', 'beer', 'bruschetta', 'pizza', 'fresh', 'pasta', 'around', 'could', 'fault', 'second', 'visit', 'vapiano', 'great']"
37,6-Oct-19,POSITIVE,An interesting take on fast food,like cross traditional fast food full blown restaurant menu primarily pastas pizzas small selection salads unlike traditional fast food make food right front,like cross tradit fast food full blown restaur menu primarili pasta pizza small select salad unlik tradit fast food make food right front,"['like', 'cross', 'traditional', 'fast', 'food', 'full', 'blown', 'restaurant', 'menu', 'primarily', 'pastas', 'pizzas', 'small', 'selection', 'salads', 'unlike', 'traditional', 'fast', 'food', 'make', 'food', 'right', 'front']","['like', 'cross', 'traditional', 'fast', 'food', 'full', 'blown', 'restaurant', 'menu', 'primarily', 'pastas', 'pizzas', 'small', 'selection', 'salad', 'unlike', 'traditional', 'fast', 'food', 'make', 'food', 'right', 'front']"
38,4-Oct-19,VERY POSITIVE,Great food,extremely extremely busy wait long worth end great chefs amazing food noisy hear think sadly somewhere would go sit eat catch chat,extrem extrem busi wait long worth end great chef amaz food noisi hear think sadli somewher would go sit eat catch chat,"['extremely', 'extremely', 'busy', 'wait', 'long', 'worth', 'end', 'great', 'chefs', 'amazing', 'food', 'noisy', 'hear', 'think', 'sadly', 'somewhere', 'would', 'go', 'sit', 'eat', 'catch', 'chat']","['extremely', 'extremely', 'busy', 'wait', 'long', 'worth', 'end', 'great', 'chef', 'amaze', 'food', 'noisy', 'hear', 'think', 'sadly', 'somewhere', 'would', 'go', 'sit', 'eat', 'catch', 'chat']"
39,3-Oct-19,VERY POSITIVE,Great as always,love vapiano think best italian restaurant ever quality always good mot matter country people nice price amazing always trust eating well big quantities vapiano,love vapiano think best italian restaur ever qualiti alway good mot matter countri peopl nice price amaz alway trust eat well big quantiti vapiano,"['love', 'vapiano', 'think', 'best', 'italian', 'restaurant', 'ever', 'quality', 'always', 'good', 'mot', 'matter', 'country', 'people', 'nice', 'price', 'amazing', 'always', 'trust', 'eating', 'well', 'big', 'quantities', 'vapiano']","['love', 'vapiano', 'think', 'best', 'italian', 'restaurant', 'ever', 'quality', 'always', 'good', 'mot', 'matter', 'country', 'people', 'nice', 'price', 'amazing', 'always', 'trust', 'eat', 'well', 'big', 'quantity', 'vapiano']"
40,25-Sep-19,NEGATIVE,Nice concept but was a bit dissapointed,nice concept bit disappointed st charged extras cheese olives info menu chef say anything surcharge definitely need mention clearly list extras,nice concept bit disappoint st charg extra chees oliv info menu chef say anyth surcharg definit need mention clearli list extra,"['nice', 'concept', 'bit', 'disappointed', 'st', 'charged', 'extras', 'cheese', 'olives', 'info', 'menu', 'chef', 'say', 'anything', 'surcharge', 'definitely', 'need', 'mention', 'clearly', 'list', 'extras']","['nice', 'concept', 'bit', 'disappointed', 'st', 'charge', 'extra', 'cheese', 'olive', 'info', 'menu', 'chef', 'say', 'anything', 'surcharge', 'definitely', 'need', 'mention', 'clearly', 'list', 'extra']"
41,19-Sep-19,POSITIVE,"Delicious fresh food, but a bit pricey",family five came late lunch visiting tower london walking tower bridge service model bit different given card put food charges line,famili five came late lunch visit tower london walk tower bridg servic model bit differ given card put food charg line,"['family', 'five', 'came', 'late', 'lunch', 'visiting', 'tower', 'london', 'walking', 'tower', 'bridge', 'service', 'model', 'bit', 'different', 'given', 'card', 'put', 'food', 'charges', 'line']","['family', 'five', 'come', 'late', 'lunch', 'visit', 'tower', 'london', 'walk', 'tower', 'bridge', 'service', 'model', 'bit', 'different', 'give', 'card', 'put', 'food', 'charge', 'line']"
42,14-Sep-19,VERY POSITIVE,Great place for a quick meal before the theatre,popped going bridge theatre little surprised first self service fantastic concept select pasta sauce want watch someone cook front,pop go bridg theatr littl surpris first self servic fantast concept select pasta sauc want watch someon cook front,"['popped', 'going', 'bridge', 'theatre', 'little', 'surprised', 'first', 'self', 'service', 'fantastic', 'concept', 'select', 'pasta', 'sauce', 'want', 'watch', 'someone', 'cook', 'front']","['pop', 'go', 'bridge', 'theatre', 'little', 'surprise', 'first', 'self', 'service', 'fantastic', 'concept', 'select', 'pasta', 'sauce', 'want', 'watch', 'someone', 'cook', 'front']"
43,13-Sep-19,VERY NEGATIVE,Service please?,unable comment standard food since left served given restaurant service staff suppose surprised however prices one might expect pay proper restaurant,unabl comment standard food sinc left serv given restaur servic staff suppos surpris howev price one might expect pay proper restaur,"['unable', 'comment', 'standard', 'food', 'since', 'left', 'served', 'given', 'restaurant', 'service', 'staff', 'suppose', 'surprised', 'however', 'prices', 'one', 'might', 'expect', 'pay', 'proper', 'restaurant']","['unable', 'comment', 'standard', 'food', 'since', 'left', 'serve', 'give', 'restaurant', 'service', 'staff', 'suppose', 'surprise', 'however', 'price', 'one', 'might', 'expect', 'pay', 'proper', 'restaurant']"
44,8-Sep-19,NEUTRAL,"Fresh, tasty food. Great value. Ineffective queue system.",vapiano restaurants great pastas prepared front short amount time turn value money good get free bread olive oil balsamic vinegar often go,vapiano restaur great pasta prepar front short amount time turn valu money good get free bread oliv oil balsam vinegar often go,"['vapiano', 'restaurants', 'great', 'pastas', 'prepared', 'front', 'short', 'amount', 'time', 'turn', 'value', 'money', 'good', 'get', 'free', 'bread', 'olive', 'oil', 'balsamic', 'vinegar', 'often', 'go']","['vapiano', 'restaurant', 'great', 'pasta', 'prepare', 'front', 'short', 'amount', 'time', 'turn', 'value', 'money', 'good', 'get', 'free', 'bread', 'olive', 'oil', 'balsamic', 'vinegar', 'often', 'go']"
45,2-Sep-19,POSITIVE,"Consistent, Easy and Good Food",first vapiano experience stockholm always wanting go back vapiano location afternoon visit tower bridge pleasantly surprised walk past vapiano brainer lunch vapiano,first vapiano experi stockholm alway want go back vapiano locat afternoon visit tower bridg pleasantli surpris walk past vapiano brainer lunch vapiano,"['first', 'vapiano', 'experience', 'stockholm', 'always', 'wanting', 'go', 'back', 'vapiano', 'location', 'afternoon', 'visit', 'tower', 'bridge', 'pleasantly', 'surprised', 'walk', 'past', 'vapiano', 'brainer', 'lunch', 'vapiano']","['first', 'vapiano', 'experience', 'stockholm', 'always', 'want', 'go', 'back', 'vapiano', 'location', 'afternoon', 'visit', 'tower', 'bridge', 'pleasantly', 'surprise', 'walk', 'past', 'vapiano', 'brainer', 'lunch', 'vapiano']"
46,25-Aug-19,POSITIVE,Good food reasonably priced,ate lunch vapiano tower bridge friday th august every packed tried vapiano pleasantly surprised quality value food cooked front chefs tasted great,ate lunch vapiano tower bridg friday th august everi pack tri vapiano pleasantli surpris qualiti valu food cook front chef tast great,"['ate', 'lunch', 'vapiano', 'tower', 'bridge', 'friday', 'th', 'august', 'every', 'packed', 'tried', 'vapiano', 'pleasantly', 'surprised', 'quality', 'value', 'food', 'cooked', 'front', 'chefs', 'tasted', 'great']","['ate', 'lunch', 'vapiano', 'tower', 'bridge', 'friday', 'th', 'august', 'every', 'packed', 'try', 'vapiano', 'pleasantly', 'surprise', 'quality', 'value', 'food', 'cook', 'front', 'chef', 'taste', 'great']"
47,23-Aug-19,POSITIVE,Good and reliable,pizza pasta chain cantina style either wait pasta pretty much made front order pizza get buzzer pick done freshly made fresh products ok value quality good reliable,pizza pasta chain cantina style either wait pasta pretti much made front order pizza get buzzer pick done freshli made fresh product ok valu qualiti good reliabl,"['pizza', 'pasta', 'chain', 'cantina', 'style', 'either', 'wait', 'pasta', 'pretty', 'much', 'made', 'front', 'order', 'pizza', 'get', 'buzzer', 'pick', 'done', 'freshly', 'made', 'fresh', 'products', 'ok', 'value', 'quality', 'good', 'reliable']","['pizza', 'pasta', 'chain', 'cantina', 'style', 'either', 'wait', 'pasta', 'pretty', 'much', 'make', 'front', 'order', 'pizza', 'get', 'buzzer', 'pick', 'do', 'freshly', 'make', 'fresh', 'product', 'ok', 'value', 'quality', 'good', 'reliable']"
48,12-Aug-19,VERY NEGATIVE,"The worst service in London, avoid.",first time vapiano looks great staff arrogant assume know canteen service approach goes waited ages two pizzas worked person taking orders cooking garlic bread,first time vapiano look great staff arrog assum know canteen servic approach goe wait age two pizza work person take order cook garlic bread,"['first', 'time', 'vapiano', 'looks', 'great', 'staff', 'arrogant', 'assume', 'know', 'canteen', 'service', 'approach', 'goes', 'waited', 'ages', 'two', 'pizzas', 'worked', 'person', 'taking', 'orders', 'cooking', 'garlic', 'bread']","['first', 'time', 'vapiano', 'look', 'great', 'staff', 'arrogant', 'assume', 'know', 'canteen', 'service', 'approach', 'go', 'waited', 'age', 'two', 'pizza', 'work', 'person', 'take', 'order', 'cook', 'garlic', 'bread']"
49,10-Aug-19,POSITIVE,"Great Italian food, if a little pricey",second visit day sightseeing first one jan overall happy vapiano food tasty kid friendly simple pasta simpler appetites essentially self service restaurant going,second visit day sightse first one jan overal happi vapiano food tasti kid friendli simpl pasta simpler appetit essenti self servic restaur go,"['second', 'visit', 'day', 'sightseeing', 'first', 'one', 'jan', 'overall', 'happy', 'vapiano', 'food', 'tasty', 'kid', 'friendly', 'simple', 'pasta', 'simpler', 'appetites', 'essentially', 'self', 'service', 'restaurant', 'going']","['second', 'visit', 'day', 'sightsee', 'first', 'one', 'jan', 'overall', 'happy', 'vapiano', 'food', 'tasty', 'kid', 'friendly', 'simple', 'pasta', 'simpler', 'appetites', 'essentially', 'self', 'service', 'restaurant', 'go']"
50,7-Aug-19,NEUTRAL,Pre show lunch,called next bridge theatre going matinee performance concept explained us host must miserable person basically paid stand,call next bridg theatr go matine perform concept explain us host must miser person basic paid stand,"['called', 'next', 'bridge', 'theatre', 'going', 'matinee', 'performance', 'concept', 'explained', 'us', 'host', 'must', 'miserable', 'person', 'basically', 'paid', 'stand']","['call', 'next', 'bridge', 'theatre', 'go', 'matinee', 'performance', 'concept', 'explain', 'us', 'host', 'must', 'miserable', 'person', 'basically', 'pay', 'stand']"
51,4-Aug-19,VERY NEGATIVE,Chicken Cesar salad is terrible,friend ordered healthy chicken salad vapiano basically salad smothered sauce almost chicken mcdonald salad much better half pricemore,friend order healthi chicken salad vapiano basic salad smother sauc almost chicken mcdonald salad much better half pricemor,"['friend', 'ordered', 'healthy', 'chicken', 'salad', 'vapiano', 'basically', 'salad', 'smothered', 'sauce', 'almost', 'chicken', 'mcdonald', 'salad', 'much', 'better', 'half', 'pricemore']","['friend', 'order', 'healthy', 'chicken', 'salad', 'vapiano', 'basically', 'salad', 'smother', 'sauce', 'almost', 'chicken', 'mcdonald', 'salad', 'much', 'well', 'half', 'pricemore']"
52,21-Jul-19,VERY NEGATIVE,Poor,bbq chicken pizza menu bbq sauce collected started eating tomato sauce took back handed bbq sauce plastic ketchup bottle squirt poor attitude staff novel concept place badly executed,bbq chicken pizza menu bbq sauc collect start eat tomato sauc took back hand bbq sauc plastic ketchup bottl squirt poor attitud staff novel concept place badli execut,"['bbq', 'chicken', 'pizza', 'menu', 'bbq', 'sauce', 'collected', 'started', 'eating', 'tomato', 'sauce', 'took', 'back', 'handed', 'bbq', 'sauce', 'plastic', 'ketchup', 'bottle', 'squirt', 'poor', 'attitude', 'staff', 'novel', 'concept', 'place', 'badly', 'executed']","['bbq', 'chicken', 'pizza', 'menu', 'bbq', 'sauce', 'collect', 'start', 'eat', 'tomato', 'sauce', 'take', 'back', 'hand', 'bbq', 'sauce', 'plastic', 'ketchup', 'bottle', 'squirt', 'poor', 'attitude', 'staff', 'novel', 'concept', 'place', 'badly', 'execute']"
53,18-Jul-19,NEUTRAL,"Okay Food, poor operations and somewhat lacking customer service",love vapianos concept occasion execution points failed badly irksome queue someone order dishes invite people join queuing system needs reviewed food good main,love vapiano concept occas execut point fail badli irksom queue someon order dish invit peopl join queu system need review food good main,"['love', 'vapianos', 'concept', 'occasion', 'execution', 'points', 'failed', 'badly', 'irksome', 'queue', 'someone', 'order', 'dishes', 'invite', 'people', 'join', 'queuing', 'system', 'needs', 'reviewed', 'food', 'good', 'main']","['love', 'vapianos', 'concept', 'occasion', 'execution', 'point', 'fail', 'badly', 'irksome', 'queue', 'someone', 'order', 'dish', 'invite', 'people', 'join', 'queue', 'system', 'need', 'review', 'food', 'good', 'main']"
54,15-Jul-19,NEGATIVE,Greasy & stodgy,situated next bridge theatre visiting matinee performance decided try show different way dining explanation reception desk sorely lacking information queued food,situat next bridg theatr visit matine perform decid tri show differ way dine explan recept desk sore lack inform queu food,"['situated', 'next', 'bridge', 'theatre', 'visiting', 'matinee', 'performance', 'decided', 'try', 'show', 'different', 'way', 'dining', 'explanation', 'reception', 'desk', 'sorely', 'lacking', 'information', 'queued', 'food']","['situate', 'next', 'bridge', 'theatre', 'visit', 'matinee', 'performance', 'decide', 'try', 'show', 'different', 'way', 'din', 'explanation', 'reception', 'desk', 'sorely', 'lack', 'information', 'queue', 'food']"
55,15-Jul-19,NEGATIVE,"Nice food, weird concept",came without realising radical concept involved queue food cooked front want antipasti pasta drink means three queues busy night maddening one,came without realis radic concept involv queue food cook front want antipasti pasta drink mean three queue busi night madden one,"['came', 'without', 'realising', 'radical', 'concept', 'involved', 'queue', 'food', 'cooked', 'front', 'want', 'antipasti', 'pasta', 'drink', 'means', 'three', 'queues', 'busy', 'night', 'maddening', 'one']","['come', 'without', 'realise', 'radical', 'concept', 'involve', 'queue', 'food', 'cook', 'front', 'want', 'antipasti', 'pasta', 'drink', 'mean', 'three', 'queue', 'busy', 'night', 'madden', 'one']"
56,13-Jul-19,VERY POSITIVE,Great food and fantastic views of Tower Bridge,vapianos restaurant prepares pasta meals freshly right front also allows input like things may may want added food delicious affordable,vapiano restaur prepar pasta meal freshli right front also allow input like thing may may want ad food delici afford,"['vapianos', 'restaurant', 'prepares', 'pasta', 'meals', 'freshly', 'right', 'front', 'also', 'allows', 'input', 'like', 'things', 'may', 'may', 'want', 'added', 'food', 'delicious', 'affordable']","['vapianos', 'restaurant', 'prepares', 'pasta', 'meal', 'freshly', 'right', 'front', 'also', 'allow', 'input', 'like', 'thing', 'may', 'may', 'want', 'add', 'food', 'delicious', 'affordable']"
57,7-Jul-19,POSITIVE,Nice concept,concept ordering card seems nice since every check pasta amazing really good pizza bland lacked flavor,concept order card seem nice sinc everi check pasta amaz realli good pizza bland lack flavor,"['concept', 'ordering', 'card', 'seems', 'nice', 'since', 'every', 'check', 'pasta', 'amazing', 'really', 'good', 'pizza', 'bland', 'lacked', 'flavor']","['concept', 'order', 'card', 'seem', 'nice', 'since', 'every', 'check', 'pasta', 'amaze', 'really', 'good', 'pizza', 'bland', 'lack', 'flavor']"
58,16-Jun-19,VERY NEGATIVE,Service is terrible,service terrible waitress chat front us language waiting served surprised horrible services especially area,servic terribl waitress chat front us languag wait serv surpris horribl servic especi area,"['service', 'terrible', 'waitress', 'chat', 'front', 'us', 'language', 'waiting', 'served', 'surprised', 'horrible', 'services', 'especially', 'area']","['service', 'terrible', 'waitress', 'chat', 'front', 'us', 'language', 'wait', 'serve', 'surprised', 'horrible', 'service', 'especially', 'area']"
59,5-Jun-19,POSITIVE,Interesting way of ordering fresh Italian food,bright largely open plan restaurant get credit card menu enter food either pasta pizza salad go appropriate cooking station order food charged credit,bright larg open plan restaur get credit card menu enter food either pasta pizza salad go appropri cook station order food charg credit,"['bright', 'largely', 'open', 'plan', 'restaurant', 'get', 'credit', 'card', 'menu', 'enter', 'food', 'either', 'pasta', 'pizza', 'salad', 'go', 'appropriate', 'cooking', 'station', 'order', 'food', 'charged', 'credit']","['bright', 'largely', 'open', 'plan', 'restaurant', 'get', 'credit', 'card', 'menu', 'enter', 'food', 'either', 'pasta', 'pizza', 'salad', 'go', 'appropriate', 'cooking', 'station', 'order', 'food', 'charge', 'credit']"
60,2-Jun-19,VERY POSITIVE,Dinner,delicious dinner pastas comment anything else pleased see nice highchairs fitted tables never felt place staff great help finding said highchair,delici dinner pasta comment anyth els pleas see nice highchair fit tabl never felt place staff great help find said highchair,"['delicious', 'dinner', 'pastas', 'comment', 'anything', 'else', 'pleased', 'see', 'nice', 'highchairs', 'fitted', 'tables', 'never', 'felt', 'place', 'staff', 'great', 'help', 'finding', 'said', 'highchair']","['delicious', 'dinner', 'pastas', 'comment', 'anything', 'else', 'please', 'see', 'nice', 'highchair', 'fit', 'table', 'never', 'felt', 'place', 'staff', 'great', 'help', 'finding', 'say', 'highchair']"
61,2-Jun-19,VERY POSITIVE,Very impressed,thoroughly enjoyed experience vapiano tower bridge could fault food loved concept going chef ordering foid watching prepared atmosphere decor lovely,thoroughli enjoy experi vapiano tower bridg could fault food love concept go chef order foid watch prepar atmospher decor love,"['thoroughly', 'enjoyed', 'experience', 'vapiano', 'tower', 'bridge', 'could', 'fault', 'food', 'loved', 'concept', 'going', 'chef', 'ordering', 'foid', 'watching', 'prepared', 'atmosphere', 'decor', 'lovely']","['thoroughly', 'enjoy', 'experience', 'vapiano', 'tower', 'bridge', 'could', 'fault', 'food', 'love', 'concept', 'go', 'chef', 'order', 'foid', 'watching', 'prepare', 'atmosphere', 'decor', 'lovely']"
62,30-May-19,NEUTRAL,Expected more,friends raved vapiano colleague decided try whilst london business concept explained properly possibly first visit said made effort restaurant,friend rave vapiano colleagu decid tri whilst london busi concept explain properli possibl first visit said made effort restaur,"['friends', 'raved', 'vapiano', 'colleague', 'decided', 'try', 'whilst', 'london', 'business', 'concept', 'explained', 'properly', 'possibly', 'first', 'visit', 'said', 'made', 'effort', 'restaurant']","['friend', 'rave', 'vapiano', 'colleague', 'decide', 'try', 'whilst', 'london', 'business', 'concept', 'explain', 'properly', 'possibly', 'first', 'visit', 'say', 'make', 'effort', 'restaurant']"
63,20-May-19,VERY POSITIVE,Great find near Tower Bridge,stumbled visiting tower bridge really pleased love concept going chef ordering food collecting fast friendly service food amazing well restaurant light,stumbl visit tower bridg realli pleas love concept go chef order food collect fast friendli servic food amaz well restaur light,"['stumbled', 'visiting', 'tower', 'bridge', 'really', 'pleased', 'love', 'concept', 'going', 'chef', 'ordering', 'food', 'collecting', 'fast', 'friendly', 'service', 'food', 'amazing', 'well', 'restaurant', 'light']","['stumble', 'visit', 'tower', 'bridge', 'really', 'pleased', 'love', 'concept', 'go', 'chef', 'order', 'food', 'collect', 'fast', 'friendly', 'service', 'food', 'amaze', 'well', 'restaurant', 'light']"
64,11-May-19,NEUTRAL,"Great location, but not a friendly experience",spacious food factory glorious location tower bridge opposite tower pleasant approach potters field serves basic pasta risotto perfectly palatable portions generous wine reasonably priced good news ends,spaciou food factori gloriou locat tower bridg opposit tower pleasant approach potter field serv basic pasta risotto perfectli palat portion gener wine reason price good news end,"['spacious', 'food', 'factory', 'glorious', 'location', 'tower', 'bridge', 'opposite', 'tower', 'pleasant', 'approach', 'potters', 'field', 'serves', 'basic', 'pasta', 'risotto', 'perfectly', 'palatable', 'portions', 'generous', 'wine', 'reasonably', 'priced', 'good', 'news', 'ends']","['spacious', 'food', 'factory', 'glorious', 'location', 'tower', 'bridge', 'opposite', 'tower', 'pleasant', 'approach', 'potter', 'field', 'serve', 'basic', 'pasta', 'risotto', 'perfectly', 'palatable', 'portion', 'generous', 'wine', 'reasonably', 'price', 'good', 'news', 'end']"
65,8-May-19,VERY POSITIVE,Love this place,watching food cooked fresh experienced friendly chefs great experience,watch food cook fresh experienc friendli chef great experi,"['watching', 'food', 'cooked', 'fresh', 'experienced', 'friendly', 'chefs', 'great', 'experience']","['watch', 'food', 'cook', 'fresh', 'experience', 'friendly', 'chefs', 'great', 'experience']"
66,17-Apr-19,VERY POSITIVE,Great Pizzas & Pasta,visited following show bridge theatre great welcome entering restaurant dinning two levels great views tower bridge lite food tasty atmosphere excellent good staff,visit follow show bridg theatr great welcom enter restaur din two level great view tower bridg lite food tasti atmospher excel good staff,"['visited', 'following', 'show', 'bridge', 'theatre', 'great', 'welcome', 'entering', 'restaurant', 'dinning', 'two', 'levels', 'great', 'views', 'tower', 'bridge', 'lite', 'food', 'tasty', 'atmosphere', 'excellent', 'good', 'staff']","['visit', 'follow', 'show', 'bridge', 'theatre', 'great', 'welcome', 'enter', 'restaurant', 'din', 'two', 'level', 'great', 'view', 'tower', 'bridge', 'lite', 'food', 'tasty', 'atmosphere', 'excellent', 'good', 'staff']"
67,12-Apr-19,VERY NEGATIVE,slow and average food,concept dated much queuing cooking slow food average much better waste lunch time,concept date much queu cook slow food averag much better wast lunch time,"['concept', 'dated', 'much', 'queuing', 'cooking', 'slow', 'food', 'average', 'much', 'better', 'waste', 'lunch', 'time']","['concept', 'date', 'much', 'queue', 'cook', 'slow', 'food', 'average', 'much', 'good', 'waste', 'lunch', 'time']"
68,1-Apr-19,NEUTRAL,Really just a Fast Food place…whatever else you think it is or it pretends to be,problem queuing get food fast food places like sense place pretending something else yes costs less employ waiting staff may reflect price,problem queu get food fast food place like sens place pretend someth els ye cost less employ wait staff may reflect price,"['problem', 'queuing', 'get', 'food', 'fast', 'food', 'places', 'like', 'sense', 'place', 'pretending', 'something', 'else', 'yes', 'costs', 'less', 'employ', 'waiting', 'staff', 'may', 'reflect', 'price']","['problem', 'queue', 'get', 'food', 'fast', 'food', 'place', 'like', 'sense', 'place', 'pretend', 'something', 'else', 'yes', 'cost', 'less', 'employ', 'wait', 'staff', 'may', 'reflect', 'price']"
69,31-Mar-19,POSITIVE,Excellent Value for Money Self-Service Restaurant,three decent mains deserts plus bottle wine heart tourist london like one improvement could easily make would install chilled water fountains save customers go bar,three decent main desert plu bottl wine heart tourist london like one improv could easili make would instal chill water fountain save custom go bar,"['three', 'decent', 'mains', 'deserts', 'plus', 'bottle', 'wine', 'heart', 'tourist', 'london', 'like', 'one', 'improvement', 'could', 'easily', 'make', 'would', 'install', 'chilled', 'water', 'fountains', 'save', 'customers', 'go', 'bar']","['three', 'decent', 'main', 'desert', 'plus', 'bottle', 'wine', 'heart', 'tourist', 'london', 'like', 'one', 'improvement', 'could', 'easily', 'make', 'would', 'install', 'chilled', 'water', 'fountain', 'save', 'customer', 'go', 'bar']"
70,30-Mar-19,NEGATIVE, WTF?,mixture seating eating areas fresh stylish decor staffed second visit venue busy yet staff goodness knows certainly acknowledging serving customers place survive passing tourists wont return,mixtur seat eat area fresh stylish decor staf second visit venu busi yet staff good know certainli acknowledg serv custom place surviv pass tourist wont return,"['mixture', 'seating', 'eating', 'areas', 'fresh', 'stylish', 'decor', 'staffed', 'second', 'visit', 'venue', 'busy', 'yet', 'staff', 'goodness', 'knows', 'certainly', 'acknowledging', 'serving', 'customers', 'place', 'survive', 'passing', 'tourists', 'wont', 'return']","['mixture', 'seat', 'eat', 'area', 'fresh', 'stylish', 'decor', 'staff', 'second', 'visit', 'venue', 'busy', 'yet', 'staff', 'goodness', 'know', 'certainly', 'acknowledge', 'serve', 'customer', 'place', 'survive', 'passing', 'tourist', 'wont', 'return']"
71,20-Mar-19,NEUTRAL,Ok for food,food ok know expect annoying ask bar water located downstairs water fountains tap water upstairs glasses,food ok know expect annoy ask bar water locat downstair water fountain tap water upstair glass,"['food', 'ok', 'know', 'expect', 'annoying', 'ask', 'bar', 'water', 'located', 'downstairs', 'water', 'fountains', 'tap', 'water', 'upstairs', 'glasses']","['food', 'ok', 'know', 'expect', 'annoy', 'ask', 'bar', 'water', 'locate', 'downstairs', 'water', 'fountain', 'tap', 'water', 'upstairs', 'glass']"
72,15-Mar-19,VERY POSITIVE,Vapiano Tower Bridge,first visit pasta nothing disappointed staff friendly helpful cooks vapianists attentive quick restaurant bright airy fantastic views lastly reasonably priced definitely attend happy recommend look view,first visit pasta noth disappoint staff friendli help cook vapianist attent quick restaur bright airi fantast view lastli reason price definit attend happi recommend look view,"['first', 'visit', 'pasta', 'nothing', 'disappointed', 'staff', 'friendly', 'helpful', 'cooks', 'vapianists', 'attentive', 'quick', 'restaurant', 'bright', 'airy', 'fantastic', 'views', 'lastly', 'reasonably', 'priced', 'definitely', 'attend', 'happy', 'recommend', 'look', 'view']","['first', 'visit', 'pasta', 'nothing', 'disappointed', 'staff', 'friendly', 'helpful', 'cook', 'vapianists', 'attentive', 'quick', 'restaurant', 'bright', 'airy', 'fantastic', 'view', 'lastly', 'reasonably', 'price', 'definitely', 'attend', 'happy', 'recommend', 'look', 'view']"
73,13-Mar-19,VERY POSITIVE,excellent fresh food at reasonable prices,love fact cook food front fresh ingredients always tasty quick deserts let atmosphere lovely would recommend going friends easier split bill,love fact cook food front fresh ingredi alway tasti quick desert let atmospher love would recommend go friend easier split bill,"['love', 'fact', 'cook', 'food', 'front', 'fresh', 'ingredients', 'always', 'tasty', 'quick', 'deserts', 'let', 'atmosphere', 'lovely', 'would', 'recommend', 'going', 'friends', 'easier', 'split', 'bill']","['love', 'fact', 'cook', 'food', 'front', 'fresh', 'ingredient', 'always', 'tasty', 'quick', 'desert', 'let', 'atmosphere', 'lovely', 'would', 'recommend', 'go', 'friend', 'easier', 'split', 'bill']"
74,19-Feb-19,POSITIVE,Very good food,food excellent freshly made decent sized portions reasonable price downside queues guess part experience,food excel freshli made decent size portion reason price downsid queue guess part experi,"['food', 'excellent', 'freshly', 'made', 'decent', 'sized', 'portions', 'reasonable', 'price', 'downside', 'queues', 'guess', 'part', 'experience']","['food', 'excellent', 'freshly', 'make', 'decent', 'sized', 'portion', 'reasonable', 'price', 'downside', 'queue', 'guess', 'part', 'experience']"
75,18-Feb-19,POSITIVE,Delightful,mixture seating eating areas fresh stylish decor efficient staff shall return often lovely concept,mixtur seat eat area fresh stylish decor effici staff shall return often love concept,"['mixture', 'seating', 'eating', 'areas', 'fresh', 'stylish', 'decor', 'efficient', 'staff', 'shall', 'return', 'often', 'lovely', 'concept']","['mixture', 'seat', 'eat', 'area', 'fresh', 'stylish', 'decor', 'efficient', 'staff', 'shall', 'return', 'often', 'lovely', 'concept']"
76,16-Feb-19,VERY POSITIVE,Perfection,love chain although first visit venue really friendly staff highly talented chefs visit missing,love chain although first visit venu realli friendli staff highli talent chef visit miss,"['love', 'chain', 'although', 'first', 'visit', 'venue', 'really', 'friendly', 'staff', 'highly', 'talented', 'chefs', 'visit', 'missing']","['love', 'chain', 'although', 'first', 'visit', 'venue', 'really', 'friendly', 'staff', 'highly', 'talented', 'chef', 'visit', 'miss']"
77,16-Feb-19,VERY NEGATIVE,Rude staff appalling customer service,came friday evening place busy pasta queues stupidly long decided order pizzas empty whole school canteen idea stupid work anyway ordered margherita,came friday even place busi pasta queue stupidli long decid order pizza empti whole school canteen idea stupid work anyway order margherita,"['came', 'friday', 'evening', 'place', 'busy', 'pasta', 'queues', 'stupidly', 'long', 'decided', 'order', 'pizzas', 'empty', 'whole', 'school', 'canteen', 'idea', 'stupid', 'work', 'anyway', 'ordered', 'margherita']","['come', 'friday', 'evening', 'place', 'busy', 'pasta', 'queue', 'stupidly', 'long', 'decided', 'order', 'pizza', 'empty', 'whole', 'school', 'canteen', 'idea', 'stupid', 'work', 'anyway', 'order', 'margherita']"
78,15-Feb-19,NEUTRAL,Service and good food,please try forget england try propose different pizza kinds pizza find everywhere except uk like pizza cheese cheese read pizza menu pizza seem similar,pleas tri forget england tri propos differ pizza kind pizza find everywher except uk like pizza chees chees read pizza menu pizza seem similar,"['please', 'try', 'forget', 'england', 'try', 'propose', 'different', 'pizza', 'kinds', 'pizza', 'find', 'everywhere', 'except', 'uk', 'like', 'pizza', 'cheese', 'cheese', 'read', 'pizza', 'menu', 'pizza', 'seem', 'similar']","['please', 'try', 'forget', 'england', 'try', 'propose', 'different', 'pizza', 'kind', 'pizza', 'find', 'everywhere', 'except', 'uk', 'like', 'pizza', 'cheese', 'cheese', 'read', 'pizza', 'menu', 'pizza', 'seem', 'similar']"
79,11-Feb-19,VERY POSITIVE,Impressive,great relish pizza pasta verdure favourite make perfection children loved pasta,great relish pizza pasta verdur favourit make perfect children love pasta,"['great', 'relish', 'pizza', 'pasta', 'verdure', 'favourite', 'make', 'perfection', 'children', 'loved', 'pasta']","['great', 'relish', 'pizza', 'pasta', 'verdure', 'favourite', 'make', 'perfection', 'child', 'love', 'pasta']"
80,9-Feb-19,POSITIVE,We were very pleasantly surprised,put unusual credit card arrangement faced go yes queue get pasta risotto chefs really good entertainment really liked whole system staying two puddings,put unusu credit card arrang face go ye queue get pasta risotto chef realli good entertain realli like whole system stay two pud,"['put', 'unusual', 'credit', 'card', 'arrangement', 'faced', 'go', 'yes', 'queue', 'get', 'pasta', 'risotto', 'chefs', 'really', 'good', 'entertainment', 'really', 'liked', 'whole', 'system', 'staying', 'two', 'puddings']","['put', 'unusual', 'credit', 'card', 'arrangement', 'face', 'go', 'yes', 'queue', 'get', 'pasta', 'risotto', 'chef', 'really', 'good', 'entertainment', 'really', 'like', 'whole', 'system', 'stay', 'two', 'pudding']"
81,26-Jan-19,VERY POSITIVE,Early dinner,know lots negative reviews found food excellent service quick great spot views across river towards tower london,know lot neg review found food excel servic quick great spot view across river toward tower london,"['know', 'lots', 'negative', 'reviews', 'found', 'food', 'excellent', 'service', 'quick', 'great', 'spot', 'views', 'across', 'river', 'towards', 'tower', 'london']","['know', 'lot', 'negative', 'review', 'find', 'food', 'excellent', 'service', 'quick', 'great', 'spot', 'view', 'across', 'river', 'towards', 'tower', 'london']"
82,12-Jan-19,NEGATIVE,Like A Bad School Cafeteria ,eaten numerous times since vapiano first opened never impressed time worst things really gone downhill dinner saturday evening biggest problem staff customer service people,eaten numer time sinc vapiano first open never impress time worst thing realli gone downhil dinner saturday even biggest problem staff custom servic peopl,"['eaten', 'numerous', 'times', 'since', 'vapiano', 'first', 'opened', 'never', 'impressed', 'time', 'worst', 'things', 'really', 'gone', 'downhill', 'dinner', 'saturday', 'evening', 'biggest', 'problem', 'staff', 'customer', 'service', 'people']","['eaten', 'numerous', 'time', 'since', 'vapiano', 'first', 'open', 'never', 'impressed', 'time', 'bad', 'thing', 'really', 'go', 'downhill', 'dinner', 'saturday', 'even', 'big', 'problem', 'staff', 'customer', 'service', 'people']"
83,6-Jan-19,NEGATIVE,Very limited gluten free selections,one party gluten free almost italian restaurants offer gluten free pasta many gluten free pizza vapiano offer risotto weird vegetable based alternative zoodle mixed pasta sauce long wait served,one parti gluten free almost italian restaur offer gluten free pasta mani gluten free pizza vapiano offer risotto weird veget base altern zoodl mix pasta sauc long wait serv,"['one', 'party', 'gluten', 'free', 'almost', 'italian', 'restaurants', 'offer', 'gluten', 'free', 'pasta', 'many', 'gluten', 'free', 'pizza', 'vapiano', 'offer', 'risotto', 'weird', 'vegetable', 'based', 'alternative', 'zoodle', 'mixed', 'pasta', 'sauce', 'long', 'wait', 'served']","['one', 'party', 'gluten', 'free', 'almost', 'italian', 'restaurant', 'offer', 'gluten', 'free', 'pasta', 'many', 'gluten', 'free', 'pizza', 'vapiano', 'offer', 'risotto', 'weird', 'vegetable', 'base', 'alternative', 'zoodle', 'mixed', 'pasta', 'sauce', 'long', 'wait', 'serve']"
